Workbook

Sheet MCG --> ML
A1: NOMBRE | C1: PERFUSION ESTANDAR | F1: DOSIS RECOMENDADA | G1: DOSIS DESEADA | I1: ML/H | J1: TIEMPO BOMBA
A2: Medicación | B2: Suero | C2: Dosis | D2: medida masa | E2: Diluido en (ml) | H2: Unidad | M2: controlunidadespecial@gmail.com
A3: ADRENALINA (I) | B3: Dx5% | C3: 10 | D3: mg | E3: 250 | F3: 0.05-2 mcg/kg/min | G3: 0.05 | H3: mcg/kg/min | I3: =(('Hoja 2'!C3*G3)/'Hoja 2'!A3)*60 -> 6.75 | J3: =(E3/I3)/24 -> 1.5432099 | M3: controlue
A4: ADRENALINA (II) | B4: Dx5% | C4: 10 | D4: mg | E4: 50 | F4: 0.05-2 mcg/kg/min | G4: 2 | H4: mcg/kg/min | I4: =(('Hoja 2'!C4*G4)/'Hoja 2'!A4)*60 -> 54 | J4: =(E4/I4)/24 -> 0.038580247
A5: ADRENALINA (III) | B5: Dx5% | C5: 20 | D5: mg | E5: 250 | F5: 0.05-2 mcg/kg/min | H5: mcg/kg/min | I5: =(('Hoja 2'!C5*G5)/'Hoja 2'!A5)*60 -> 0 | J5: =(E5/I5)/24 -> #DIV/0!
A6: ALEUDRINA | B6: Dx5% | C6: 2 | D6: mg | E6: 500 | F6: 1-20 mcg/min | G6: 1 | H6: mcg/min | I6: =((G6)/'Hoja 2'!A6)*60 -> 15 | J6: =(E6/I6)/24 -> 1.3888889
A7: AMIODARONA | B7: Dx5% | C7: 900 | D7: mg | E7: 250 | F7: 10 mcg/kg/min | G7: 8 | H7: mcg/kg/min | I7: =(('Hoja 2'!C7*G7)/'Hoja 2'!A7)*60 -> 12 | J7: =(E7/I7)/24 -> 0.86805556
A8: CISATRACURIO | B8: Puro | C8: 40 | D8: mg | E8: 50 | F8: 0.06-0.18 mg/kg/h | G8: 0.5 | H8: mg/kg/h | I8: =(('Hoja 2'!C8*G8)/'Hoja 2'!A8) -> 56.25 | J8: =(E8/I8)/24 -> 0.037037037
A9: CISATRACURIO (II) | B9: Puro | C9: 150 | D9: mg | E9: 50 | F9: 0.06-0.18 mg/kg/h | G9: 0.5 | H9: mg/kg/h | I9: =(('Hoja 2'!C9*G9)/'Hoja 2'!A9) -> 15 | J9: =(E9/I9)/24 -> 0.13888889
A10: CLONIDINA | B10: Dx5% | C10: 1.5 | D10: mg | E10: 250 | F10: 1-3 mcg/kg/h | H10: mcg/kg/h | I10: =(('Hoja 2'!C10*G10)/'Hoja 2'!A10) -> 0 | J10: =(E10/I10)/24 -> #DIV/0!
A11: DEXMEDETOMIDINA (I) | B11: SSF | C11: 0.4 | D11: mg | E11: 100 | F11: 0.7-1.4 mcg/kg/h | G11: 0.5 | H11: mcg/kg/h | I11: =(('Hoja 2'!C11*G11)/'Hoja 2'!A11) -> 11.25 | J11: =(E11/I11)/24 -> 0.37037037 | L11: INTRODUCIR
A12: DEXMEDETOMIDINA (II) | B12: SSF | C12: 1 | D12: mg | E12: 250 | F12: 0.7-1.4 mcg/kg/h | G12: 0.7 | H12: mcg/kg/h | I12: =(('Hoja 2'!C12*G12)/'Hoja 2'!A12) -> 15.75 | J12: =(E12/I12)/24 -> 0.66137566 | L12: PESO PACIENTE
A13: DOPAMINA | B13: Dx5% | C13: 400 | D13: mg | E13: 250 | F13: 1-50 mcg/kg/min | G13: 7.5 | H13: mcg/kg/min | I13: =(('Hoja 2'!C13*G13)/'Hoja 2'!A13)*60 -> 25.3125 | J13: =(E13/I13)/24 -> 0.41152263 | L13: (KG)
A14: DOBUTAMINA | B14: Dx5% | C14: 250 | D14: mg | E14: 250 | F14: 2.5-40 mcg/kg/min | G14: 7.5 | H14: mcg/kg/min | I14: =(('Hoja 2'!C14*G14)/'Hoja 2'!A14)*60 -> 40.5 | J14: =(E14/I14)/24 -> 0.25720165
A15: FENTANILO | B15: SSF | C15: 1.5 | D15: mg | E15: 50 | F15: 0.5-10 mcg/kg/h | G15: 1 | H15: mcg/kg/h | I15: =(('Hoja 2'!C15*G15)/'Hoja 2'!A15) -> 3 | J15: =(E15/I15)/24 -> 0.69444444
A16: FLUMAZENILO | B16: Dx5% | C16: 2.5 | D16: mg | E16: 250 | F16: 0.1-0.4 mg/h | G16: 0.2 | H16: mg/h | I16: =((G16)/'Hoja 2'!A16) -> 20 | J16: =(E16/I16)/24 -> 0.52083333
A17: FUROSEMIDA | B17: Dx5% | C17: 100 | D17: mg | E17: 100 | F17: 5-30 mg/h | G17: 1 | H17: mg/h | I17: =((G17)/'Hoja 2'!A17) -> 1 | J17: =(E17/I17)/24 -> 4.1666667
A18: LABETALOL | B18: Dx5% | C18: 200 | D18: mg | E18: 250 | F18: 10-100 mg/h | G18: 20 | H18: mg/h | I18: =((G18)/'Hoja 2'!A18) -> 25 | J18: =(E18/I18)/24 -> 0.41666667 | L18: 90
A19: LEVOSIMENDAN | B19: Dx5% | C19: 12.5 | D19: mg | E19: 250 | F19: 0.05-0.2 mcg/kg/min | G19: 0.05 | H19: mcg/kg/min | I19: =(('Hoja 2'!C19*G19)/'Hoja 2'!A19)*60 -> 5.4 | J19: =(E19/I19)/24 -> 1.9290123
A20: MAGNESIO (SULFATO) | B20: SSF | C20: 4500 | D20: mg | E20: 250 | F20: 2-4 mg/min | G20: 2 | H20: mg/min | I20: =((G20)/'Hoja 2'!A20)*60 -> 6.6666667 | J20: =(E20/I20)/24 -> 1.5625
A21: MIDAZOLAM | B21: Puro | C21: 250 | D21: mg | E21: 50 | F21: 0,02-0,2 mg/kg/h | G21: 0.05 | H21: mg/kg/h | I21: =(('Hoja 2'!C21*G21)/'Hoja 2'!A21) -> 0.9 | J21: =(E21/I21)/24 -> 2.3148148
A22: MILRINONA | B22: SSF | C22: 30 | D22: mg | E22: 250 | F22: 0.375-0.75 mcg/kg/min | H22: mcg/kg/min | I22: =(('Hoja 2'!C22*G22)/'Hoja 2'!A22)*60 -> 0 | J22: =(E22/I22)/24 -> #DIV/0!
A23: MORFINA | B23: SSF | C23: 50 | D23: mg | E23: 50 | F23: 2-20 mg/h | G23: 2 | H23: mg/h | I23: =((G23)/'Hoja 2'!A23) -> 2 | J23: =(E23/I23)/24 -> 1.0416667
A24: NALOXONA | B24: SSF | C24: 4 | D24: mg | E24: 250 | F24: 5-15 mcg/kg/h | G24: 5 | H24: mcg/kg/h | I24: =(('Hoja 2'!C24*G24)/'Hoja 2'!A24) -> 28.125 | J24: =(E24/I24)/24 -> 0.37037037
A25: NIMODIPINO | B25: Puro | C25: 10 | D25: mg | E25: 50 | F25: 0.5 mcg/kg/min | H25: mcg/kg/min | I25: =(('Hoja 2'!C25*G25)/'Hoja 2'!A25)*60 -> 0 | J25: =(E25/I25)/24 -> #DIV/0!
A26: NITROGLICERINA | B26: Dx5% | C26: 50 | D26: mg | E26: 500 | F26: 5-200 mcg/min | G26: 30 | H26: mcg/min | I26: =((G26)/'Hoja 2'!A26)*60 -> 18 | J26: =(E26/I26)/24 -> 1.1574074
A27: NORADRENALINA (I) | B27: Dx5% | C27: 10 | D27: mg | E27: 250 | F27: 0.01-3 mcg/kg/min | G27: 1.2 | H27: mcg/kg/min | I27: =(('Hoja 2'!C27*G27)/'Hoja 2'!A27)*60 -> 162 | J27: =(E27/I27)/24 -> 0.064300412
A28: NORADRENALINA (II) | B28: Dx5% | C28: 40 | D28: mg | E28: 50 | F28: 0.01-3 mcg/kg/min | G28: 1.2 | H28: mcg/kg/min | I28: =(('Hoja 2'!C28*G28)/'Hoja 2'!A28)*60 -> 8.1 | J28: =(E28/I28)/24 -> 0.25720165
A29: NORADRENALINA (III) | B29: Dx5% | C29: 40 | D29: mg | E29: 250 | F29: 0.01-3 mcg/kg/min | G29: 1.2 | H29: mcg/kg/min | I29: =(('Hoja 2'!C29*G29)/'Hoja 2'!A29)*60 -> 40.5 | J29: =(E29/I29)/24 -> 0.25720165
A30: PROPOFOL | B30: Puro | C30: 1000 | D30: mg | E30: 100 | F30: 0.5-5 mg/kg/h | G30: 3.4 | H30: mg/kg/h | I30: =(('Hoja 2'!C30*G30)/'Hoja 2'!A30) -> 30.6 | J30: =(E30/I30)/24 -> 0.13616558
A31: ROCURONIO | B31: Puro | C31: 500 | D31: mg | E31: 50 | F31: 0,3-0,6 mg/kg/h | G31: 0.5 | H31: mg/kg/h | I31: =(('Hoja 2'!C31*G31)/'Hoja 2'!A31) -> 4.5 | J31: =(E31/I31)/24 -> 0.46296296
A32: SOMATOSTATINA | B32: SSF | C32: 3 | D32: mg | E32: 250 | F32: 3.5 mcg/kg/h | G32: 3.5 | H32: mcg/kg/h | I32: =(('Hoja 2'!C32*G32)/'Hoja 2'!A32) -> 26.25 | J32: =(E32/I32)/24 -> 0.3968254
A33: URAPIDILO | B33: Puro | C33: 250 | D33: mg | E33: 50 | F33: 2.5-7 mcg/kg/min | G33: 3 | H33: mcg/kg/min | I33: =(('Hoja 2'!C33*G33)/'Hoja 2'!A33)*60 -> 3.24 | J33: =(E33/I33)/24 -> 0.64300412
A34: VALPROICO | B34: Dx5% | C34: 1600 | D34: mg | E34: 500 | F34: 1 mg/kg/h | G34: 1 | H34: mg/kg/h | I34: =(('Hoja 2'!C34*G34)/'Hoja 2'!A34) -> 28.125 | J34: =(E34/I34)/24 -> 0.74074074
G38: INTRODUCIR
G39: DOSIS
G40: DESEADA
G41: DECIMALES (.)

Sheet ML --> MCG
A1: NOMBRE | C1: PERFUSION ESTANDAR | F1: DOSIS RECOMENDADA | G1: ML/H | H1: DOSIS DESEADA | J1: TIEMPO BOMBA
A2: Medicación | B2: Suero | C2: Dosis | D2: medida masa | E2: Diluido en (ml) | I2: Unidad
A3: ADRENALINA (I) | B3: Dx5% | C3: 10 | D3: mg | E3: 250 | F3: 0.05-2 mcg/kg/min | H3: =((G3*'Hoja 2'!A3)/(60*'Hoja 2'!C3)) -> 0 | I3: mcg/kg/min | J3: =(E3/G3)/24 -> #DIV/0!
A4: ADRENALINA (II) | B4: Dx5% | C4: 10 | D4: mg | E4: 50 | F4: 0.05-2 mcg/kg/min | H4: =((G4*'Hoja 2'!A4)/(60*'Hoja 2'!C4)) -> 0 | I4: mcg/kg/min | J4: =(E4/G4)/24 -> #DIV/0!
A5: ADRENALINA (III) | B5: Dx5% | C5: 20 | D5: mg | E5: 250 | F5: 0.05-2 mcg/kg/min | H5: =((G5*'Hoja 2'!A5)/(60*'Hoja 2'!C5)) -> 0 | I5: mcg/kg/min | J5: =(E5/G5)/24 -> #DIV/0!
A6: ALEUDRINA | B6: Dx5% | C6: 2 | D6: mg | E6: 500 | F6: 1-20 mcg/min | G6: 50 | H6: =((G6*'Hoja 2'!A6)/60) -> 3.3333333 | I6: mcg/min | J6: =(E6/G6)/24 -> 0.41666667
A7: AMIODARONA | B7: Dx5% | C7: 900 | D7: mg | E7: 250 | F7: 10 mcg/kg/min | G7: 30 | H7: =((G7*'Hoja 2'!A7)/(60*'Hoja 2'!C7)) -> 20 | I7: mcg/kg/min | J7: =(E7/G7)/24 -> 0.34722222
A8: CISATRACURIO | B8: Puro | C8: 40 | D8: mg | E8: 50 | F8: 0.06-0.18 mg/kg/h | G8: 6 | H8: =((G8*'Hoja 2'!A8)/('Hoja 2'!C8)) -> 0.053333333 | I8: mg/kg/h | J8: =(E8/G8)/24 -> 0.34722222
A9: CISATRACURIO (II) | B9: Puro | C9: 150 | D9: mg | E9: 50 | F9: 0.12 mg/kg/h | G9: 3 | H9: =((G9*'Hoja 2'!A9)/('Hoja 2'!C9)) -> 0.1 | I9: mg/kg/h | J9: =(E9/G9)/24 -> 0.69444444
A10: CLONIDINA | B10: Dx5% | C10: 1.5 | D10: mg | E10: 250 | F10: 1-3 mcg/kg/h | H10: =((G10*'Hoja 2'!A10)/('Hoja 2'!C10)) -> 0 | I10: mcg/kg/h | J10: =(E10/G10)/24 -> #DIV/0!
A11: DEXMEDETOMIDINA (I) | B11: SSF | C11: 0.4 | D11: mg | E11: 100 | F11: 0.7-1.4 mcg/kg/h | G11: 14 | H11: =((G11*'Hoja 2'!A11)/('Hoja 2'!C11)) -> 0.62222222 | I11: mcg/kg/h | J11: =(E11/G11)/24 -> 0.29761905 | L11: INTRODUCIR
A12: DEXMEDETOMIDINA (II) | B12: SSF | C12: 1 | D12: mg | E12: 250 | F12: 0.7-1.4 mcg/kg/h | G12: 10 | H12: =((G12*'Hoja 2'!A12)/('Hoja 2'!C12)) -> 0.44444444 | I12: mcg/kg/h | J12: =(E12/G12)/24 -> 1.0416667 | L12: PESO PACIENTE
A13: DOPAMINA | B13: Dx5% | C13: 400 | D13: mg | E13: 250 | F13: 1-50 mcg/kg/min | G13: 8 | H13: =((G13*'Hoja 2'!A13)/(60*'Hoja 2'!C13)) -> 2.3703704 | I13: mcg/kg/min | J13: =(E13/G13)/24 -> 1.3020833 | L13: (KG)
A14: DOBUTAMINA | B14: Dx5% | C14: 250 | D14: mg | E14: 250 | F14: 2.5-40 mcg/kg/min | G14: 21 | H14: =((G14*'Hoja 2'!A14)/(60*'Hoja 2'!C14)) -> 3.8888889 | I14: mcg/kg/min | J14: =(E14/G14)/24 -> 0.49603175
A15: FENTANILO | B15: SSF | C15: 1.5 | D15: mg | E15: 50 | F15: 0.5-1.5 mcg/kg/h | G15: 2 | H15: =((G15*'Hoja 2'!A15)/('Hoja 2'!C15)) -> 0.66666667 | I15: mcg/kg/h | J15: =(E15/G15)/24 -> 1.0416667
A16: FLUMAZENILO | B16: Dx5% | C16: 2.5 | D16: mg | E16: 250 | F16: 0.1-0.4 mg/h | G16: 30 | H16: =((G16*'Hoja 2'!A16)) -> 0.3 | I16: mg/h | J16: =(E16/G16)/24 -> 0.34722222
A17: FUROSEMIDA | B17: Dx5% | C17: 100 | D17: mg | E17: 100 | F17: 5-30 mg/h | H17: =((G17*'Hoja 2'!A17)) -> 0 | I17: mg/h | J17: =(E17/G17)/24 -> #DIV/0!
A18: LABETALOL | B18: Dx5% | C18: 200 | D18: mg | E18: 250 | F18: 10-100 mg/h | H18: =((G18*'Hoja 2'!A18)) -> 0 | I18: mg/h | J18: =(E18/G18)/24 -> #DIV/0! | L18: 80
A19: LEVOSIMENDAN | B19: Dx5% | C19: 12.5 | D19: mg | E19: 250 | F19: 0.05-0.2 mcg/kg/min | H19: =((G19*'Hoja 2'!A19)/(60*'Hoja 2'!C19)) -> 0 | I19: mcg/kg/min | J19: =(E19/G19)/24 -> #DIV/0!
A20: MAGNESIO (SULFATO) | B20: SSF | C20: 4500 | D20: mg | E20: 250 | F20: 2-4 mg/min | H20: =((G20*'Hoja 2'!A20)/60) -> 0 | I20: mg/min | J20: =(E20/G20)/24 -> #DIV/0!
A21: MIDAZOLAM | B21: Puro | C21: 250 | D21: mg | E21: 50 | F21: 0,02-0,2 mg/kg/h | G21: 1 | H21: =((G21*'Hoja 2'!A21)/('Hoja 2'!C21)) -> 0.055555556 | I21: mg/kg/h | J21: =(E21/G21)/24 -> 2.0833333
A22: MILRINONA | B22: SSF | C22: 30 | D22: mg | E22: 250 | F22: 0.375-0.75 mcg/kg/min | H22: =((G22*'Hoja 2'!A22)/(60*'Hoja 2'!C22)) -> 0 | I22: mcg/kg/min | J22: =(E22/G22)/24 -> #DIV/0!
A23: MORFINA | B23: SSF | C23: 50 | D23: mg | E23: 50 | F23: 2-20 mg/h | H23: =((G23*'Hoja 2'!A23)) -> 0 | I23: mg/h | J23: =(E23/G23)/24 -> #DIV/0!
A24: NALOXONA | B24: SSF | C24: 4 | D24: mg | E24: 250 | F24: 5-15 mcg/kg/h | H24: =((G24*'Hoja 2'!A24)/('Hoja 2'!C24)) -> 0 | I24: mcg/kg/h | J24: =(E24/G24)/24 -> #DIV/0!
A25: NIMODIPINO | B25: Puro | C25: 10 | D25: mg | E25: 50 | F25: 0.5 mcg/kg/min | H25: =((G25*'Hoja 2'!A25)/(60*'Hoja 2'!C25)) -> 0 | I25: mcg/kg/min | J25: =(E25/G25)/24 -> #DIV/0!
A26: NITROGLICERINA | B26: Dx5% | C26: 50 | D26: mg | E26: 500 | F26: 5-200 mcg/min | G26: 10 | H26: =((G26*'Hoja 2'!A26)/60) -> 16.666667 | I26: mcg/min | J26: =(E26/G26)/24 -> 2.0833333
A27: NORADRENALINA (I) | B27: Dx5% | C27: 20 | D27: mg | E27: 250 | F27: 0.01-3 mcg/kg/min | G27: 20 | H27: =((G27*'Hoja 2'!A27)/(60*'Hoja 2'!C27)) -> 0.14814815 | I27: mcg/kg/min | J27: =(E27/G27)/24 -> 0.52083333
A28: NORADRENALINA (II) | B28: Dx5% | C28: 40 | D28: mg | E28: 50 | F28: 0.01-3 mcg/kg/min | G28: 2 | H28: =((G28*'Hoja 2'!A28)/(60*'Hoja 2'!C28)) -> 0.2962963 | I28: mcg/kg/min | J28: =(E28/G28)/24 -> 1.0416667
A29: NORADRENALINA (III) | B29: Dx5% | C29: 40 | D29: mg | E29: 250 | F29: 0.01-3 mcg/kg/min | G29: 2 | H29: =((G29*'Hoja 2'!A29)/(60*'Hoja 2'!C29)) -> 0.059259259 | I29: mcg/kg/min | J29: =(E29/G29)/24 -> 5.2083333
A30: PROPOFOL | B30: Puro | C30: 1000 | D30: mg | E30: 100 | F30: 0.5-5 mg/kg/h | G30: 18 | H30: =((G30*'Hoja 2'!A30)/('Hoja 2'!C30)) -> 2 | I30: mg/kg/h | J30: =(E30/G30)/24 -> 0.23148148
A31: ROCURONIO | B31: Puro | C31: 500 | D31: mg | E31: 50 | F31: 0,3-0,6 mg/kg/h | H31: =((G31*'Hoja 2'!A31)/('Hoja 2'!C31)) -> 0
A32: SOMATOSTATINA | B32: SSF | C32: 3 | D32: mg | E32: 250 | F32: 3.5 mcg/kg/h | H32: =((G32*'Hoja 2'!A32)/('Hoja 2'!C32)) -> 0 | I32: mcg/kg/h | J32: =(E32/G32)/24 -> #DIV/0!
A33: URAPIDILO | B33: Puro | C33: 250 | D33: mg | E33: 50 | F33: 2.5-7 mcg/kg/min | H33: =((G33*'Hoja 2'!A33)/(60*'Hoja 2'!C33)) -> 0 | I33: mcg/kg/min | J33: =(E33/G33)/24 -> #DIV/0!
A34: VALPROICO | B34: Dx5% | C34: 1600 | D34: mg | E34: 500 | F34: 1 mg/kg/h | H34: =((G34*'Hoja 2'!A34)/('Hoja 2'!C34)) -> 0 | I34: mg/kg/h | J34: =(E34/G34)/24 -> #DIV/0!
G38: INTRODUCIR
G39: ML/H

Sheet Hoja 2
A1: UNIDAD/ML | C1: KG PACIENTE
B2: Unidad masa
A3: =('MCG --> ML'!C3*1000)/'MCG --> ML'!E3 -> 40 | B3: mcg/ml | C3: ='MCG --> ML'!L18 -> 90
A4: =('MCG --> ML'!C4*1000)/'MCG --> ML'!E4 -> 200 | B4: mcg/ml | C4: ='MCG --> ML'!L18 -> 90
A5: =('MCG --> ML'!C5*1000)/'MCG --> ML'!E5 -> 80 | B5: mcg/ml | C5: =C4 -> 90
A6: =('MCG --> ML'!C6*1000)/'MCG --> ML'!E6 -> 4 | B6: mcg/ml | C6: ---
A7: =('MCG --> ML'!C7*1000)/'MCG --> ML'!E7 -> 3600 | B7: mcg/ml | C7: ='MCG --> ML'!L18 -> 90
A8: =('MCG --> ML'!C8)/'MCG --> ML'!E8 -> 0.8 | B8: mg/ml | C8: ='MCG --> ML'!L18 -> 90
A9: =('MCG --> ML'!C9)/'MCG --> ML'!E9 -> 3 | B9: mg/ml | C9: ='MCG --> ML'!L18 -> 90
A10: =('MCG --> ML'!C10*1000)/'MCG --> ML'!E10 -> 6 | B10: mcg/ml | C10: ='MCG --> ML'!L18 -> 90
A11: =('MCG --> ML'!C11*1000)/'MCG --> ML'!E11 -> 4 | B11: mcg/ml | C11: ='MCG --> ML'!L18 -> 90
A12: =('MCG --> ML'!C12*1000)/'MCG --> ML'!E12 -> 4 | B12: mcg/ml | C12: ='MCG --> ML'!L18 -> 90
A13: =('MCG --> ML'!C13*1000)/'MCG --> ML'!E13 -> 1600 | B13: mcg/ml | C13: ='MCG --> ML'!L18 -> 90
A14: =('MCG --> ML'!C14*1000)/'MCG --> ML'!E14 -> 1000 | B14: mcg/ml | C14: ='MCG --> ML'!L18 -> 90
A15: =('MCG --> ML'!C15*1000)/'MCG --> ML'!E15 -> 30 | B15: mcg/ml | C15: ='MCG --> ML'!L18 -> 90
A16: =('MCG --> ML'!C16)/'MCG --> ML'!E16 -> 0.01 | B16: mg/ml | C16: ---
A17: =('MCG --> ML'!C17*1)/'MCG --> ML'!E17 -> 1 | B17: mg/ml | C17: ---
A18: =('MCG --> ML'!C18*1)/'MCG --> ML'!E18 -> 0.8 | B18: mg/ml | C18: ---
A19: =('MCG --> ML'!C19*1000)/'MCG --> ML'!E19 -> 50 | B19: mcg/ml | C19: ='MCG --> ML'!L18 -> 90
A20: =('MCG --> ML'!C20)/'MCG --> ML'!E20 -> 18 | B20: mg/ml | C20: --
A21: =('MCG --> ML'!C21*1)/'MCG --> ML'!E21 -> 5 | B21: mg/ml | C21: ='MCG --> ML'!L18 -> 90
A22: =('MCG --> ML'!C22*1000)/'MCG --> ML'!E22 -> 120 | B22: mcg/ml | C22: ='MCG --> ML'!L18 -> 90
A23: =('MCG --> ML'!C23*1)/'MCG --> ML'!E23 -> 1 | B23: mg/ml | C23: ---
A24: =('MCG --> ML'!C24*1000)/'MCG --> ML'!E24 -> 16 | B24: mcg/ml | C24: ='MCG --> ML'!L18 -> 90
A25: =('MCG --> ML'!C25*1000)/'MCG --> ML'!E25 -> 200 | B25: mcg/ml | C25: ='MCG --> ML'!L18 -> 90
A26: =('MCG --> ML'!C26*1000)/'MCG --> ML'!E26 -> 100 | B26: mcg/ml | C26: ---
A27: =('MCG --> ML'!C27*1000)/'MCG --> ML'!E27 -> 40 | B27: mcg/ml | C27: ='MCG --> ML'!L18 -> 90
A28: =('MCG --> ML'!C28*1000)/'MCG --> ML'!E28 -> 800 | B28: mcg/ml | C28: ='MCG --> ML'!L18 -> 90
A29: =('MCG --> ML'!C29*1000)/'MCG --> ML'!E29 -> 160 | B29: mcg/ml | C29: ='MCG --> ML'!L18 -> 90
A30: =('MCG --> ML'!C30*1)/'MCG --> ML'!E30 -> 10 | B30: mg/ml | C30: ='MCG --> ML'!L18 -> 90
A31: =('MCG --> ML'!C31*1)/'MCG --> ML'!E31 -> 10 | B31: mg/ml | C31: ='MCG --> ML'!L18 -> 90
A32: =('MCG --> ML'!C32*1000)/'MCG --> ML'!E32 -> 12 | B32: mcg/ml | C32: ='MCG --> ML'!L18 -> 90
A33: =('MCG --> ML'!C33*1000)/'MCG --> ML'!E33 -> 5000 | B33: mcg/ml | C33: ='MCG --> ML'!L18 -> 90
A34: =('MCG --> ML'!C34*1)/'MCG --> ML'!E34 -> 3.2 | B34: mg/ml | C34: ='MCG --> ML'!L18 -> 90
